主題,屆數,版本,版本比較整理
國會調查權（調閱文件）,第三屆,"劉光華
23委2338","- 立法院行使調查權可調閱文件（§107）
- 「其他應獨立行使職權之機關，本於職權處理之案件」不在立法院調閱範疇中（§107）
- 被調閱者除依法律規定或正當理由不得拒絕，正當理由包括國防外交機密、妨害國家金融秩序或重大經濟利益、工商秘密個人隱私、國際慣例不提供者（§108）"
國會調查權（調閱文件）,第五屆,"國民黨黨團
23委5781","立法院行使調查權可向政府機關、部隊、公法人、團體調閱檔案、冊籍（§47）

被調閱者除依法律規定或正當理由不得拒絕（§47）

資料應在五日內提供（§47）

[政府機關或公務員] 不配合得移送公務員懲戒委員會、監察院，有犯罪嫌疑者移送檢調（§48）

若不配合原因有爭議或協商未有共識，該機關人員所屬最高首長應於 10 日內公開聲明不能配合原因（§48）"
國會調查權（調閱文件）,第五屆,"沈智慧
23委4154","[政府人員] 接受調閱時不配合、提供不實資料，得予以譴責、列為不適任政府官員，刊登公報，請主管機關議處（§75）

[政府人員]1/2 委員以上連署可提出譴責或不適任案、1/2 以上同意通過（§75）

[政府人員]2/3 以上同意通過決議移送司法機關，處一年以下有期徒刑、拘役或 10 萬元以上、200 萬元以下罰金（§75）"
國會調查權（調閱文件）,第六屆,"國民黨黨團、親民黨黨團
23委6395
（跟上屆國民黨黨團版本同）","立法院行使調查權可向政府機關、部隊、公法人、團體，調閱檔案、冊籍、有關資料（§47）

除了正當理由、妨害國家重大利益不得拒絕（§47）

五日內提供（§47）

[政府機關或公務員] 不配合得移送公務員懲戒委員會、監察院，有犯罪嫌疑者移送檢調（§48）

若不配合原因有爭議或協商未有共識，該機關人員所屬最高首長應於 10 日內公開聲明不能配合原因（§48）"
國會調查權（調閱文件）,第六屆,"台聯黨團
23委6818","立法院行使調查權可向政府機關、部隊、公法人及團體調閱（§47* 條文未明定，但寫在總說明中）

除依法律規定或正當理由不得拒絕（§47）

[政府機關或公務員] 不配合得移送公務員懲戒委員會、監察院，有犯罪嫌疑者移送檢調（§48）

若不配合原因有爭議或協商未有共識，該機關人員所屬最高首長應於 10 日內公開聲明不能配合原因（§48）"
國會調查權（調閱文件）,第六屆,"國民黨黨團
23委7243","立法院行使調查權可向政府機關、部隊、公私法人、團體調閱檔案、帳冊（§47）

因國防外交機密不提供須經立法院長認可（§47）

[所有調查對象] 不配合或說謊，經院會決議罰 5 萬元，可連續罰（§48）

[所有調查對象] 可由立法院決議判藐視國會罪，一年以下有期徒刑、或偽證罪五年以下有期徒刑，其餘犯罪嫌移送司法機關（§48）

不提供之正當理由，若認定未有共識時，立法院可以 1/2 多數要求提供證詞，若有違背，可訴請高等法院 3 個月內判決（§48）"
國會調查權（調閱文件）,第七屆,"張嘉郡
23委8323","立法院行使調查權可向政府機關、部隊、公法人、團體調閱資料（§47）

無正當理由不得拒絕（§47）

資料應在五日内提供（§47）

[政府機關或公務員] 不配合或說謊，送監察院；有犯罪嫌疑者移送司法機關（§48）

案情重大或有逃亡之虞者，得通知有關機關，予以適當防範（§50-1）"
國會調查權（調閱文件）,第七屆,"黃義交等
23委8559","立法院行使調查權可向政府機關、部隊、公法人、團體調閱檔案、冊籍、相關資料（§47）

無正當理由不得拒絕（§47）

資料應在五日内提供（§47）

[政府機關或公務員]不配合或說謊，3 萬元以下罰鍰，移送公務員懲戒委員會、送請監察院；有犯罪嫌疑者移送司法機關（§48）

若遇抗拒或為實施保全證據，得通知軍憲機關協助；案情重大或有逃亡之虞者，得通知有關機關，予以適當防範（§50-1）"
國會調查權（調閱文件）,第七屆,"朱鳳芝等
23委8545","立法院行使調查權可向政府機關、法人、團體、個人調閱資料（§46-5）

被調閱者拒絕的正當理由須經委員會同意（§46-5）

資料應在五日内提供（§47）

[所有調查對象]不配合或說謊，依照身份送公務院懲戒委員會、監察院；犯罪嫌疑者，移送司法機關（§48）

[所有調查對象]不配合或說謊，可處 2 萬元以上、10 萬元以下罰鍰，仍不配合，可按次連續各處 4 萬元以上、10 萬元以下罰鍰（§48）

施以罰鍰前應給予對象陳述書面意見的機會，經院會決議才能處罰（§48）

[處罰救濟] 可提起行政訴訟（§48）"
國會調查權（調閱文件）,第八屆,"民進黨黨團
23委18184","立法院行使調查權可向有關機關調閱文件（§47）

被調閱者除法律或其他正當理由不得拒絕（§47）

五日內提供（§47）

[公務人員] 不配合送公務員懲戒委員會、犯罪嫌移送司法機關（§48）

[妨礙立法院行使調查權者] 處以 1 千元以上、10 萬元以下罰鍰

[處罰救濟] 若認定正當理由有爭議由大法官認定（§48）、被處罰者可以提起行政訴訟（§74-3）"
國會調查權（調閱文件）,第八屆,"林佳龍等29人 
23委13813","立法院行使調查權可向機關、法人、人民團體、個人調閱文件（§47）

被調閱者除法律或其他正當理由不得拒絕（§47）

五日內提供（§47）

[所有調查對象] 不配合時送監察院處置、10 萬元以下罰鍰（§75-1）

[所有調查對象] 提供不實資料一年以下有期徒刑（§75-2）

[處罰救濟] 可提行政訴訟（§75-1）"
國會調查權（調閱文件）,第八屆,"尤美女等
23委15468
與上一屆朱鳳芝相同","立法院行使調查權可向有關機關或人民要求提供資料（§47）

除依法律規定事項外，被調閱者拒絕之正當理由須經委員會同意（§47）

五日內提供（§47）

[所有調查對象] 不配合或說謊，送公務員懲戒委員會、移送監察院；犯罪嫌疑者，移送司法機關（§48）

[所有調查對象] 不配合或說謊，可處 2 萬元以上、10 萬元以下罰鍰，仍不配合，可按次連續各處 4 萬元以上、10 萬元以下罰鍰（§48）

[處罰救濟] 可提起行政訴訟（§48）

施以罰鍰前應給予對象陳述書面意見的機會，經院會決議才能處罰（§48）"
國會調查權（調閱文件）,第八屆,"李桐豪
23委15409","立法院行使調查權可向政府機關、部隊、公法人、團體調閱檔案、冊籍、相關資料（§47）

被調閱者除正當理由不得拒絕（§47）

七日內提供（§47）

[公務人員] 不配合時送公務人員懲戒委員會、2 萬以上 10 萬以下罰緩（§48）

[公務人員] 有犯罪嫌疑移送司法機關（§48）"
國會調查權（調閱文件）,第八屆,"國民黨黨團
23委18133
與第六屆相同","立法院行使調查權可向政府機關、部隊、公私法人、團體調閱檔案、帳冊（§47）

涉國防外交機密須經立法院長認可才能拒絕（§47）

五日內提供（§47）

[所有調查對象] 不配合或說謊 5 萬以下罰鍰、得連續罰（§48）

[所有調查對象] 可由立法院決議判藐視國會罪，一年以下有期徒刑、或偽證罪五年以下有期徒刑，其餘犯罪嫌移送司法機關（§48）"
國會調查權（調閱文件）,第九屆,"林俊憲等20人
23委18392","立法院行使調查權可向有關機關調閱文件（§47）

除了法律或其他正當理由不得拒絕（§47）

五日內提供（§47）

[政府或公務人員] 不配合送公務員懲戒委員會、監察院、有犯罪嫌疑移送司法 （§48）

[處罰救濟] 若認定正當理由有爭議由大法官認定（§48）"
國會調查權（調閱文件）,第九屆,"顧立雄
23委18800","立法院行使調查權可向有關機關調閱文件（§47）

除了法律或其他正當理由不得拒絕（§47）

五日內提供（§47）

[政府或公務人員] 不配合可處 1 萬元以上、30 萬元以下罰鍰、可連續罰

[處罰救濟] 可提抗告，法院一個月內須審結"
國會調查權（調閱文件）,第九屆,"民進黨黨團
23委18908","立法院行使調查權可向政府機關調閱物件、文件（§47）

除了法律或其他正當理由不得拒絕（§47）

五日內提供（§47）

[政府或公務人員] 不配合處 1 萬元以上、30 萬元以下罰鍰，可連續罰有犯罪嫌疑移送司法 （§74-2），有犯罪嫌疑移送司法 （§48）"
國會調查權（調閱文件）,第九屆,"親民黨黨團
23委18235","立法院行使調查權可向政府機關、部隊、公法人、團體調閱檔案、冊籍（§47）

除了法律或其他正當理由不得拒絕（§47）

七日內提供（§47）

[政府或公務人員] 不配合罰 2 萬以上、10 萬以下，得連續罰，送公務員懲戒委員會、有犯罪嫌疑移送司法 （§48）

[處罰救濟] 可提行政訴訟（§48）"
國會調查權（調閱文件）,第九屆,"國民黨黨團
23委18443
跟上一屆同","立法院行使調查權可向政府機關、部隊、公私法人、團體調閱檔案、帳冊（§47）

因外交國防機密不回答須經立法院長認可（§47）

五日內提供（§47）

[所有調查對象] 拒絕/隱匿/虛偽陳述，5 萬以下罰鍰、得連續罰（§48）

[所有調查對象] 可由立法院決議判藐視國會罪，一年以下有期徒刑、或偽證罪五年以下有期徒刑，其餘犯罪嫌移送司法機關（§48）"
國會調查權（調閱文件）,第九屆,"時代力量黨團
23委18328
跟上一屆林佳龍版本同","立法院行使調查權可向機關、法人、人民團體或個人調閱文件（§47）

除了法律或其他正當理由不得拒絕（§47）

五日內提供（§47）

[所有調查對象] 不配合者移送監察院、處 10 萬元以下罰鍰（§75-1）

[所有調查對象] 提供不實資料一年以下有期徒刑（§75-1）

[處罰救濟] 可提行政訴訟（§75-1）"
國會調查權（調閱文件）,第十屆,"時代力量黨團
23委24198
（跟上一屆版本相同）","立法院行使調查權可向政府機關、法人、人民團體或個人調閱（§47）

可調閱文件（§47）

除了法律或其他正當理由不得拒絕（§47）

五日內提供（§47）

[所有調查對象] 不配合者移送監察院、處 10 萬元以下罰鍰（§75-1）

[所有調查對象] 提供不實資料一年以下有期徒刑（§75-1）

[處罰救濟] 可提行政訴訟（§75-1）"
國會調查權（調閱文件）,第十屆,"林俊憲等21人
23委25639
（與上一屆版本同）","立法院行使調查權可向有關機關調閱文件（§47）

除了法律或其他正當理由不得拒絕（§47）

五日內提供（§47）

[政府或公務人員] 不配合送公務員懲戒委員會、監察院、有犯罪嫌疑移送司法 （§48）

[處罰救濟] 若認定正當理由有爭議由大法官認定（§48）"
國會調查權（調閱文件）,第十屆,"陳明文等19人
23委27046
（與第八屆民進黨版本同）","立法院行使調查權可向有關機關調閱文件（§47）

被調閱者除法律或其他正當理由不得拒絕（§47）

五日內提供（§47）

[公務人員] 不配合送公務員懲戒委員會、犯罪嫌移送司法機關（§48）

[妨礙立法院行使調查權者] 處以 1 千元以上、10 萬元以下罰鍰

[處罰救濟] 若認定正當理由有爭議由大法官認定（§48）、被處罰者可以提起行政訴訟（§74-3）"
國會調查權（調閱文件）,第十一屆,"國民黨民眾黨共提再修正動議


5/21 二讀通過","立法院行使調查權可向政府機關、部隊、法人、團體或社會上有關係人員調閱文件（§47）

除了法律或其他正當理由不得拒絕（§47）

五日內提供（§47）

[法人、人民團體、社會上有關係人] 不配合處 1 萬元以上、10 萬以下罰鍰（§48）

[處罰救濟] 可提行政訴訟（§48）"
國會調查權（調閱文件）,第十一屆,"台灣民眾黨黨團
20委11000417","立法院行使調查權可向機關、法人、人民團體或社會上有關係人員調閱文件（§47）

除了法律或其他正當理由不得拒絕（§47）

五日內提供（§47）

[法人、人民團體、社會上有關係人] 不配合處 3 萬元以上、30 萬以下罰鍰（§48）

[處罰救濟] 可提行政訴訟（§48）"
國會調查權（調閱文件）,第十一屆,"民進黨黨團
20委11002813","立法院行使調查權可向有關機關調閱物件、文件（§47）

除了法律或其他正當理由不得拒絕（§47）

五日內提供（§47）

[政府或公務人員] 不配合處 1 萬元以上、30 萬元以下罰鍰，可連續罰（§48）"
國會調查權（調閱文件）,第十一屆,"羅智強等16人
20委11003385
（與第九屆民進黨黨團版本同）","立法院行使調查權可向有關機關調閱物件、文件（§47）

除了法律或其他正當理由不得拒絕（§47）

五日內提供（§47）

[政府或公務人員] 不配合處 1 萬元以上、30 萬元以下罰鍰，可連續罰（§74-2），有犯罪嫌疑移送司法 （§48）"
國會調查權（調閱文件）,第十一屆,"楊瓊瓔等20人
20委11000653
（跟上屆時代力量版本同，只是處罰加重）","立法院行使調查權可向機關、法人、人民團體或個人調閱文件（§47）

除了法律或其他正當理由不得拒絕（§47）

五日內提供（§47）

[所有調查對象] 不配合者移送監察院、處 10 萬元以下罰鍰（§75-1）

[所有調查對象] 提供不實資料一年以下有期徒刑（§75-1）

[處罰救濟] 可提行政訴訟（§75-1）"
國會調查權（調閱文件）,第十一屆,"翁曉玲等17人
20委11002782","立法院行使調查權可向機關、法人、人民團體或個人調閱文件、檔案（§47）

除了法律或其他正當理由不得拒絕（§47）

五日內提供（§47）

[所有調查對象] 不配合者罰 2 萬以上、20 萬以下罰鍰，可連續罰（§48）

[處罰救濟] 可提行政訴訟（§48）"
國會調查權（調閱文件）,第十一屆,"吳宗憲等16人
20委11001699
（與第九屆國民黨黨團版本同，處罰上限提高、移除藐視國會罪）","立法院行使調查權可向政府機關、部隊、公私法人、團體調閱檔案、帳冊（§47）

因外交國防機密不回答須經立法院長認可（§47）

五日內提供（§47）

[所有調查對象] 拒絕/隱匿/虛偽陳述，1 萬以上、30 萬以下罰鍰、得連續罰（§48）

[政府或公務員] 移送監察院"
國會調查權（聽證）,第三屆,"劉光華
23委2338",以聽證會作為調查手段（§116）
國會調查權（聽證）,第五屆,"沈智慧
23委4154","[政府人員] 不出席、不答覆、故意隱瞞、提供不實資料、或詢答時污辱立委，得予以譴責、列為不適任政府官員，刊登公報，請主管機關議處（§75）

[政府人員]1/2 委員以上連署可提出譴責或不適任案、1/2 以上同意通過（§75）

[政府人員] 2/3 以上同意通過決議移送司法機關，處一年以下有期徒刑、拘役或 10 萬元以上、200 萬元以下罰金（§75）"
國會調查權（聽證）,第五屆,"黃德福
23委3983","以聽證會作為調查手段（§54）

涉外交、國防等其他依法秘密事項則以秘密會議進行（§54）




被問到跟聽證目的無關、侵害個人隱私的問題，可以拒絕回答（§56）

非有正當理由不得拒絕出席，可經決議請司法或警察機關拘提到場（§56）

若實問虛答、避重就輕，得通過決議進行藐視國會之譴責，刊登在公報上（§56）

[公務人員] 不配合時移請主管機關懲處（§56）

[一般人民] 不配合時依藐視國會罪處七年以下有期徒刑（§56）

[所有人] 說謊或提出不實資料，處七年以下有期徒刑（§56）"
國會調查權（聽證）,第五屆,"國民黨黨團
23委5781","以聽證會作為調查手段（§54）

涉外交、國防等其他依法秘密事項則以秘密會議進行（§54）

例外狀況下可為不公開會議：對個人隱私有危害。但正副總統、政務人員、副總統候選人及同意權行使對象不適用（§54-2）

聽證中若提問不適法、逾越聽證目的，經主席同意後可以拒絕回復（§54-7）




[政府機關或公務員] 不配合得移送公務員懲戒委員會、監察院，有犯罪嫌疑者移送檢調（§48）

若不配合原因有爭議或協商未有共識，該機關人員所屬最高首長應於 10 日內公開聲明不能配合原因（§48、§54-10）

[非公務員] 涉有犯罪嫌疑移送司法機關（§54-10）"
國會調查權（聽證）,第六屆,"台聯黨團
23委6818","以聽證會作為調查手段（§54）

涉外交、國防等國家機密保護法秘密事項則以秘密會議進行（§54）

例外狀況下可為部分不公開會議：對個人隱私有危害（§54-2）

聽證中若提問不適法、逾越聽證目的，經主席同意後可以拒絕回復（§54-7）

[政府機關或公務員] 不配合得移送公務員懲戒委員會、監察院，有犯罪嫌疑者移送檢調（§48）

若不配合原因有爭議或協商未有共識，該機關人員所屬最高首長應於 10 日內公開聲明不能配合原因（§48、§54-10）

[非公務員] 涉有犯罪嫌疑移送司法機關（§54-10）"
國會調查權（聽證）,第六屆,"國民黨黨團、親民黨黨團
23委6395","以聽證會作為調查手段（§54）

涉外交、國防等其他依法秘密事項則以秘密會議進行（§54）

例外狀況下可為不公開會議：對個人隱私有危害。但正副總統、政務人員、副總統候選人及同意權行使對象不適用（§54-2）

聽證中若提問不適法、逾越聽證目的，經主席同意後可以拒絕回復（§54-7）




[政府機關或公務員] 不配合得移送公務員懲戒委員會、監察院，有犯罪嫌疑者移送檢調（§48）

若不配合原因有爭議或協商未有共識，該機關人員所屬最高首長應於 10 日內公開聲明不能配合原因（§48、§54-10）

[非公務員] 涉有犯罪嫌疑移送司法機關（§54-10）"
國會調查權（聽證）,第六屆,"國民黨黨團
23委7243","以聽證會作為調查手段（§54）

涉外交、國防等其他依法秘密事項則以秘密會議進行（§54）










[所有調查對象] 不配合或說謊，處 5 萬以下罰鍰、得連續罰（§48）

[所有調查對象] 可由立法院決議判藐視國會罪，一年以下有期徒刑、或偽證罪五年以下有期徒刑，其餘犯罪嫌移送司法機關（§48）"
國會調查權（聽證）,第七屆,"黃義交等
23委8559","以聽證會作為調查手段（§45）

涉國家安全、外交、國防等其他依法秘密事項則以秘密會議進行（§54）

例外狀況下可為部分不公開會議：對個人隱私有重大危害，但總統、副總統、政府人員、副總統候選人及同意權行使對象不適用（§54-2）

[公務員] 不配合或說謊，處 3 萬元以下罰鍰，移送公務員懲戒委員會、監察院

[非公務員] 不配合或說謊，處 3 萬元以下罰鍰

[所有人] 有刑事犯罪嫌疑移送司法機關（§54-10）"
國會調查權（聽證）,第七屆,"張嘉郡
23委8323","以聽證會作為調查手段（§45）

涉國家安全、外交、國防或國家機密保護法秘密事項以秘密會議進行（§54）

例外狀況下可為部分不公開會議：對個人隱私有重大危害，但總統、副總統、政府人員、副總統候選人及同意權行使對象不適用（§54-2）

[公務員] 不配合或說謊，移送監察院糾正、糾舉或彈劾，犯罪嫌疑者，移送司法機關

[非公務員] 處 3 萬元以下罰鍰，有藐視國會嫌疑者，移送司法機關（§48、§54-10）"
國會調查權（聽證）,第七屆,"朱鳳芝等
23委8545","以聽證會作為調查手段（§46-6）

涉行政特權或依國家機密保護法核定的機密，應以秘密會議進行（§48-14）

例外狀況下可為部分不公開會議：涉個人隱私、職務有秘密義務者（§48-14）

[所有調查對象]不配合或說謊，依照身份送公務院懲戒委員會、監察院；犯罪嫌疑者，移送司法機關（§48）

[所有調查對象]不配合或說謊，可處 2 萬元以上、10 萬元以下罰鍰，仍不配合，可按次連續各處 4 萬元以上、10 萬元以下罰鍰（§48）

施以罰鍰前應給予對象陳述書面意見的機會，經院會決議才能處罰（§48）

[處罰救濟] 可提起行政訴訟（§48）"
國會調查權（聽證）,第八屆,"林佳龍等29人 
23委13813","以公聽會作為調查手段，非有正當理由不得拒絕出席（§54）

涉外交、國防等其他依法秘密事項則以秘密會議進行（§55）




經主席同意可以有律師或其他專業人員協助（§56-1）

例外狀況下可不陳述：行政特權或國家機密、超過公聽會主題、刑法拒絕證言事項、涉及個人隱私（§56-2）

立委若採納/不採納公聽會建議都要說明（§59）

[所有調查對象] 不配合送監察院處置、10 萬元以下罰鍰（§75-1）

[所有調查對象] 提供不實資料一年以下有期徒刑（§75-2）"
國會調查權（聽證）,第八屆,"李桐豪
23委15409","以聽證會作為調查手段（§54）

涉外交、國防等其他依法秘密事項則以秘密會議進行（§54）













[公務人員] 拒絕出席/詢答/提供文件，送公務人員懲戒委員會、2 萬以上 10 萬以下罰緩（§48）

[公務人員] 有犯罪嫌疑移送司法機關（§48）

是否為正當理由由主席決定（§54-10）"
國會調查權（聽證）,第八屆,"國民黨黨團版
23委18133","以聽證會作為調查手段（§54）

涉外交、國防等其他依法秘密事項則以秘密會議進行（§54）













[所有調查對象] 拒絕/隱匿/虛偽陳述，5 萬以下罰鍰、得連續罰（§48）

[所有調查對象] 可由立法院決議判藐視國會罪，一年以下有期徒刑、或偽證罪五年以下有期徒刑，其餘犯罪嫌移送司法機關（§48）"
國會調查權（聽證）,第八屆,"民進黨黨團版
23委18184","以聽證會作為調查手段（§53-4）

涉外交、國防等其他依法秘密事項則以秘密會議進行（§53-4）

例外狀況下可為不公開會議：涉及個人隱私、個人身體自由生命受到威脅、營業秘密受到不當侵害、其他依法應秘密事項（§53-6）

得委任律師或其信任之輔佐人到場（§53-8）

例外狀況下可不陳述：詢問跟調查無關、侵害基本人權、會使自己或親人被追訴犯罪或損害、醫師藥商律師等知悉他人秘密、就技術或職業秘密接受詰問等等（§53-12）

是否有正當性無共識時，聲請大法官解釋（§53-8）

[所有調查對象] 不配合或說謊，處 1 萬元以上、20 萬元以下罰鍰（§74-3）

[懲罰救濟] 被處罰者可以提起行政訴訟（§74-3）"
國會調查權（聽證）,第九屆,"時代力量黨團
23委18328
（跟上一屆林佳龍版相同）","以公聽會作為調查手段（§54）

涉外交、國防等其他依法秘密事項則以秘密會議進行（§56）




經主席同意可以有律師或其他專業人員協助（§56-1）

例外狀況下可不陳述：行政特權或國家機密、超過公聽會主題、刑法拒絕證言事項、涉及個人隱私（§56-2）

立委若採納/不採納公聽會建議都要說明（§59）

[所有調查對象] 拒絕出席/詢答/提供文件，送監察院處置、10 萬元以下罰鍰（§75-1）

[所有調查對象] 提供不實資料一年以下有期徒刑（§75-2）"
國會調查權（聽證）,第九屆,"親民黨黨團
23委18235
（跟上一屆李桐豪相同）","以聽證會作為調查手段（§54）

涉外交、國防等其他依法秘密事項則以秘密會議進行（§54）













[公務人員] 拒絕出席/詢答/提供文件，送公務人員懲戒委員會、2 萬以上 10 萬以下罰緩（§48）

[公務人員] 有犯罪嫌疑移送司法機關（§48）

是否為正當理由由主席決定（§54-10）"
國會調查權（聽證）,第九屆,"國民黨黨團
23委18443
（跟上一屆國民黨版相同）","以聽證會作為調查手段（§54）

涉外交、國防等其他依法秘密事項則以秘密會議進行（§54）













[所有調查對象] 拒絕/隱匿/虛偽陳述，5 萬以下罰鍰、得連續罰（§48）

[所有調查對象] 可由立法院決議判藐視國會罪，一年以下有期徒刑、或偽證罪五年以下有期徒刑，其餘犯罪嫌移送司法機關（§48）"
國會調查權（聽證）,第九屆,"林俊憲等20人
23委18392
（與上屆民進黨版本同，只是沒有懲罰篇章）","以聽證會作為調查手段（§53-4）

涉外交、國防等其他依法秘密事項則以秘密會議進行（§53-4）

例外狀況下可為不公開會議：涉及個人隱私、個人身體自由生命受到威脅、營業秘密受到不當侵害、其他依法應秘密事項（§53-6）

得委任律師或其信任之輔佐人到場（§53-8）

例外狀況下可不陳述：詢問跟調查無關、侵害基本人權、會使自己或親人被追訴犯罪或損害、醫師藥商律師等知悉他人秘密、就技術或職業秘密接受詰問等等（§53-12）

是否有正當性無共識時，聲請大法官解釋（§53-8）"
國會調查權（聽證）,第九屆,"顧立雄
23委18800
（與上屆民進黨版本同，只是將例外狀態準用行政訴訟法、大法官認定正當性拿掉）","以聽證會作為調查手段（§53-4）

涉外交、國防等其他依法秘密事項則以秘密會議進行（§53-4）

例外狀況下可為不公開會議：涉及個人隱私、個人身體自由生命受到威脅、營業秘密受到不當侵害、其他依法應秘密事項（§53-6）

得委任律師或輔佐人偕同（§53-8）

例外狀況下可不陳述：詢問跟調查無關、侵害基本人權、行政訴訟法 §144-146 規定（§53-12）

[政府或公務人員] 不配合處 1 萬元以上、30 萬元以下罰鍰，可連續罰（§74-2）

[出席聽證會者] 不配合或說謊，處 1 萬元以上、30 萬元以下，可連續罰（§74-3）、有犯罪嫌疑者可移送檢調（§53-12）

[處罰救濟] 可提抗告，法院一個月內須審結（§74-4）"
國會調查權（聽證）,第九屆,"民進黨黨團
23委18908
（跟顧立雄版本同）","以聽證會作為調查手段（§53-4）

涉外交、國防等其他依法秘密事項則以秘密會議進行（§53-4）

例外狀況下可為不公開會議：涉及個人隱私、個人身體自由生命受到威脅、營業秘密受到不當侵害、其他依法應秘密事項（§53-6）

得委任律師或其信任之輔佐人到場（§53-8）

例外狀況下可不陳述：詢問跟調查無關、侵害基本人權、行政訴訟法 §144-146 規定（§53-12）

[政府或公務人員] 不配合處 1 萬元以上、30 萬元以下罰鍰，可連續罰（§74-2）

[出席聽證會者] 不配合或說謊，處 1 萬元以上、30 萬元以下，可連續罰（§74-3）、有犯罪嫌疑者可移送檢調（§53-12）

[處罰救濟] 可提抗告，法院一個月內須審結（§74-4）"
國會調查權（聽證）,第十屆,"時代力量黨團
23委24198
（跟上一屆版本同）","以公聽會作為調查手段（§54）

涉外交、國防等其他依法秘密事項則以秘密會議進行（§56）

例外狀況下可不陳述：行政特權或國家機密、超過公聽會主題、刑法拒絕證言事項、涉及個人隱私（§56-2）

得偕同輔佐人到場（§57）

立委若採納/不採納公聽會建議都要說明（§59）




[所有調查對象] 不配合或說謊送監察院處置、10 萬元以下罰鍰（§75-1）

[所有調查對象] 提供不實資料一年以下有期徒刑（§75-2）"
國會調查權（聽證）,第十屆,"林俊憲等21人
23委25639
（跟上一屆版本同）","以聽證會作為調查手段（§53-4）

涉外交、國防等其他依法秘密事項則以秘密會議進行（§53-4）

例外狀況下可為不公開會議：涉及個人隱私、個人身體自由生命受到威脅、營業秘密受到不當侵害、其他依法應秘密事項（§53-6）

得委任律師或其信任之輔佐人到場（§53-8）

例外狀況下可不陳述：詢問跟調查無關、侵害基本人權、會使自己或親人被追訴犯罪或損害、醫師藥商律師等知悉他人秘密、就技術或職業秘密接受詰問等等（§53-12）

是否有正當性無共識時，聲請大法官解釋（§53-8）"
國會調查權（聽證）,第十一屆,"國民黨民眾黨共提再修正動議




5/24 二讀通過","以聽證會作為調查手段（§59-1）

涉外交、國防等其他依法秘密事項則以秘密會議進行（§59-1）

例外狀況下可為不公開會議：涉及個人隱私、個人身體自由生命受到威脅、營業秘密受到不當侵害、其他依法應秘密事項（§59-1）

經主席同意可協同律師或專業人員到場協助（§59-4）

例外狀況下可不陳述：涉及國家機密、詢問跟調查無關、行政訴訟法 §144-146 規定、法律保障的個人隱私或其他秘密事項（§59-5）

[所有調查對象] 缺席或不配合經院會表決，處 1 萬以上、10 萬元以下罰鍰、得連續罰（§59-5）

[政府人員] 虛假陳述者經院會決議，移送彈劾或懲戒，並依法追訴刑事責任（§59-5）

[一般民眾] 虛假陳述者處 2 萬以上、20 萬以下罰鍰（§59-5）

[處罰救濟] 可提行政訴訟 （§59-5）"
國會調查權（聽證）,第十一屆,"台灣民眾黨黨團
20委11000417


（部分條文與第八屆林佳龍版同，但沒有懲罰，但也把例外狀態可不陳述拿掉了）","以聽證會作為調查手段，非有正當理由不得拒絕出席（§50-1）

涉外交、國防等其他依法秘密事項則以秘密會議進行（§50-1）




經主席同意可協同律師會專業人員到場協助（§50-2）"
國會調查權（聽證）,第十一屆,"吳宗憲等16人
20委11001699","以聽證會作為調查手段（§59-1）

涉外交、國防等其他依法秘密事項則以秘密會議進行（§59-1）

例外狀況下可為不公開會議：涉及個人隱私、個人身體自由生命受到威脅、營業秘密受到不當侵害、其他依法應秘密事項（§59-1）

經主席同意可協同律師或專業人員到場協助（§59-4）




[所有調查對象] 不配合或說謊，處 5 萬以下罰鍰、得連續罰（§48）

[所有調查對象] 可由立法院決議判藐視國會罪，一年以下有期徒刑、或偽證罪五年以下有期徒刑，其餘犯罪嫌移送司法機關（§48）"
國會調查權（聽證）,第十一屆,"翁曉玲等17人
20委11002782","以聽證會作為調查手段，非有正當理由不得拒絕出席（§50-1）

涉外交、國防等其他依法秘密事項則以秘密會議進行（§50-1）










[政府機關或公務人員] 若不配合或說謊，移送監察院（§50-5）

[公務人員、法人、人民團體] 若不配合或說謊，處 2 萬元以上、20 萬元以下罰鍰（§50-6）

[處罰救濟] 可提行政訴訟（§50-6）"
國會調查權（聽證）,第十一屆,"羅智強等16人
20委11003385
（與第九屆民進黨黨團版本同）","以聽證會作為調查手段（§53-4）

涉外交、國防等其他依法秘密事項則以秘密會議進行（§53-4）

例外狀況下可為不公開會議：涉及個人隱私、個人身體自由生命受到威脅、營業秘密受到不當侵害、其他依法應秘密事項（§53-6）

得委任律師或其信任之輔佐人到場（§53-8）

例外狀況下可不陳述：詢問跟調查無關、侵害基本人權、行政訴訟法 §144-146 規定（§53-12）

[政府或公務人員] 不配合處 1 萬元以上、30 萬元以下罰鍰，可連續罰（§74-2）

[出席聽證會者] 不配合或說謊，處 1 萬元以上、30 萬元以下，可連續罰（§74-3）、有犯罪嫌疑者可移送檢調（§53-12）

[處罰救濟] 可提抗告，法院一個月內須審結（§74-4）"
國會調查權（聽證）,第十一屆,"楊瓊瓔等20人
20委11000653
（跟上屆時代力量版本同，只是處罰加重）","以公聽會作為調查手段，非有正當理由不得拒絕出席（§54）

涉外交、國防等其他依法秘密事項則以秘密會議進行（§56）




得偕同輔佐人到場（§57）

例外狀況下可不陳述：行政特權或國家機密、超過公聽會主題、刑法拒絕證言事項、涉及個人隱私（§56-2）

立委若採納/不採納公聽會建議都要說明（§59）

[所有調查對象] 拒絕出席/詢答/提供文件，送監察院處置、20 萬元以下罰鍰（§75-1）

[所有調查對象] 提供不實資料一年以下有期徒刑（§75-2）"
人事同意權,第四屆,"國民黨黨團
23委3275","交由全院委員會審查（§29）

2/3 以上出席、1/2 以上同意通過（§31）"
人事同意權,第四屆,"劉光華
23委3507","交由全院委員會審查（§29）

2/3 以上同意通過（§29）"
人事同意權,第四屆,"新黨黨團
23委3090","交由審查委員會審查（§29）




被提名人應提供財產、稅務及刑案紀錄等相關資料（增訂審查程序草案）

審查時得舉行聽證會（增訂審查程序草案）

未提供資料、資料隱匿或不實者，可不予審查，同時追究法律責任（增訂審查程序草案）"
人事同意權,第五屆,"秦慧珠
23委4020",改記名投票（§29）
人事同意權,第五屆,"呂學樟
23委4769","被提名人應提供財產、稅務及刑案紀錄資料（§30）

若資料有隱匿或虛偽不實，可以不予審查（§30）

若發現審查期間資料提供不實，經調查屬實者，立法院可以請總統不予任命或予以免職（§31）"
人事同意權,第六屆,"民進黨黨團、國民黨黨團
23委7727",超過全體立法委員 1/2 同意通過（§29）
人事同意權,第六屆,"王幸男等 40 人
23委5805",審查時應舉行聽證會（§30）
人事同意權,第六屆,"國民黨黨團
23委7092",改記名投票（§29）
人事同意權,第六屆,"國民黨黨團
23委7243","改記名投票（§29）







審查時應舉行聽證會（§30）"
人事同意權,第六屆,"高思博等46人
23委6850","交由全院委員會審查，應於三週內完成（§29）




審查時應舉行公聽會（§30）

提名人未獲通過時，應於兩個月內再提新名單（§31）"
人事同意權,第六屆,"親民黨黨團
23委7010
（與上一屆呂學樟版本同）","被提名人應提供財產、稅務及刑案紀錄等相關資料（§30）

若資料有隱匿或虛偽不實，可以不予審查（§30）

若發現審查期間資料提供不實，經調查屬實者，立法院可以請總統不予任命或予以免職（§31）"
人事同意權,第七屆,"吳志揚
23委8010","交由全院委員會審查，應於三週內完成（§29）




審查時可舉行公聽會（§30）

提名人未獲通過時，應於兩個月內再提新名單（§31）"
人事同意權,第七屆,"呂學樟等
23委8123
（與第五屆自己所提版本相同）","被提名人應提供財產、稅務及刑案紀錄等相關資料（§30）

被提名人如有隱匿、虛偽不實，應不予以審查（§30）

若發現審查期間資料提供不實，經調查屬實者，立法院可以請總統不予任命或予以免職（§31）"
人事同意權,第八屆,"吳秉叡等28人
23委13784","提名人可分開審查（§30）

審查時可舉行公聽會（§30）

被提名人應提供財產、稅務、刑案紀錄及其他相關資料（§30）

資料提供不實者，可要求撤銷提名（§30）

同意通過後，若發現資料不實，提名人自動解職（§31）"
人事同意權,第八屆,"李俊俋等26人
23委13794","改記名投票（§29）

交由全院委員會審查，審查期間不得少於 4 個月（§29）




提名人可分開審查（§30）

審查時可舉行公聽會（§29）

被提名人應提供學歷、經歷、財產、稅務、刑案紀錄及其他相關資料，七日內提供（§30）"
人事同意權,第八屆,"親民黨黨團
23委13826",同意門檻由 1/2 提高到 2/3（§29）
人事同意權,第八屆,"李應元等32人
23委13925",程序委員會要編列議程，不能以不列議程阻擋同意權行使（§29）
人事同意權,第九屆,"李俊俋等24人
23委18438
（跟上一屆版本同）","改記名投票（§29）

交由全院委員會審查，審查期間不得少於 4 個月（§29）




審查時可舉行公聽會（§29）

被提名人應提供學歷、經歷、財產、稅務、刑案紀錄及其他相關資料，七日內提供（§30）"
人事同意權,第九屆,"民進黨黨團
23委18908
（與李俊俋版本同，只有最低審查時間較少）","改記名投票（§29）

交由全院委員會審查，審查期間不得少於 1 個月（§29）




審查時可舉行公聽會（§29）

被提名人應提供學歷、經歷、財產、稅務、刑案紀錄及其他相關資料，七日內提供（§30）"
人事同意權,第九屆,"時代力量黨團
23委18859","改記名投票（§29）

交由全院委員會審查，審查期間不得少於 2 個月（§29）




審查時可舉行公聽會（§29-2）

被提名人應提供學經歷及財產申報資料（§29-1）

應至少提供 10 日給提名人準備委員審查的問題（§29-1）

被提名人不實陳述移送監察院、處 100 萬元以下罰鍰，可提行政訴訟（§30-1）"
人事同意權,第十屆,"時代力量黨團
23委24672
（比上一屆版本要求更多提名人資料）","改記名投票（§29）

交由全院委員會審查，審查期間不得少於兩個月（§29）




審查時可舉行公聽會（§29-2）

被提名人應提供學歷、經歷、財產、稅務、刑案紀錄表（§29-1）

應至少提供 10 日給提名人準備委員審查的問題（§29-1）

被提名人不實陳述移送監察院、處 100 萬元以下罰鍰，可提行政訴訟（§30-1）"
人事同意權,第十屆,"林為洲等17人
23委24799
（跟時代力量版本相同）","改記名投票（§29）

交由全院委員會審查，審查期間不得少於兩個月（§29）







被提名人應提供學歷、經歷、財產、稅務、刑案紀錄表（§29-1）

應至少提供 10 日給提名人準備委員審查的問題（§29-1）

被提名人不實陳述移送監察院、處 100 萬元以下罰鍰，可提行政訴訟（§30-1）"
人事同意權,第十屆,"曾銘宗等16人
23委24964",提高同意權門檻至 2/3 委員同意通過
人事同意權,第十屆,"李貴敏等25人
23委25237",提高同意權門檻至 2/3 委員同意通過
人事同意權,第十屆,"吳怡玎等20人
23委25155",提高同意權門檻至 3/4 委員同意通過
人事同意權,第十一屆,"國民黨民眾黨共提再修正動議
（基本上是民眾黨版，但罰鍰降低、資料新增最高學位論文）","改記名投票（§29）

交由全院委員會審查，審查期間不得少於 1 個月（§29）




審查時可舉行公聽會（§29）

被提名人應提供學歷、最高學歷學位論文、經歷、財產、稅務、刑案紀錄表及其他相關資料，七日內提供（§29-1）

應至少提供 10 日給提名人準備委員審查的問題（§29-1）

被提名人不提供資料立法院可不予審查，提供不實資料處 2 萬以上、20 萬元以下罰鍰，可提行政訴訟（§30-1）"
人事同意權,第十一屆,"台灣民眾黨黨團
20委11000417
（跟時代力量版本相似，處罰上限更重）","改記名投票（§29）

交由全院委員會審查，審查期間不得少於兩個月（§29）




審查時可舉行公聽會（§29-2）

被提名人應提供學歷、經歷等資格證明文件以及著作、財產、稅務與刑案紀錄表（§29-1）

應至少提供 7 日給提名人準備委員審查的問題（§29-1）

被提名人不提供資料立法院可不予審查，提供不實資料處 50 萬以上、500 萬元以下罰鍰，可提行政訴訟（§30-1）"
人事同意權,第十一屆,"吳宗憲等17人
20委11001689","改記名投票（§29）

交由全院委員會審查，審查期間不得少於兩個月（§29）




審查時可舉行聽證會（§29）

被提名人應提供學歷、經歷、財產、稅務、刑案紀錄表，7 日內提供（§29-1）

應至少提供 10 日給提名人準備委員審查的問題（§29-1）




被提名人提供不實資料移送監察院、處 100 萬以上罰鍰（§30-1）"
人事同意權,第十一屆,"傅崐萁等52人
20委11001057","改記名投票（§29）

交由全院委員會審查，審查期間不得少於一個月（§29）




審查時可舉行公聽會（§29）

被提名人應提供學歷、經歷、財產、稅務、刑案紀錄表（§29-1）




不實陳述以藐視國會規定處理（但法案中未列相關規定）（§30-1）"
人事同意權,第十一屆,"羅智強等22人
20委11003385
（與第九屆李俊俋版本同，只是審查期間下限縮短到 1 個月）","改記名投票（§29）

交由全院委員會審查，審查期間不得少於 1 個月（§29）




審查時可舉行公聽會（§29）

可向被提名人索取學歷、經歷、財產、稅務、刑案紀錄及其他相關資料，七日內提供（§30）"
人事同意權,第十一屆,"民進黨黨團
20委11002813",審查時可舉行公聽會（§29）
人事同意權,第十一屆,"翁曉玲等16人
20委11001054",改記名投票（§29）
人事同意權,第十一屆,"鄭天財Sra Kacaw等19人
20委11002746",改記名投票（§29）
總統國情報告,第四屆,"民進黨黨團
23委3277","配合憲法增修條文訂定（專章§1）

每年集會時可聽取總統國情報告（專章§2）"
總統國情報告,第四屆,"王幸男
23委3680","配合憲法增修條文訂定（§28-1）

每年集會時可聽取總統國情報告（§28-1）"
總統國情報告,第四屆,"新黨黨團
23委3090","配合憲法增修條文訂定（專章§1）

每年集會時或新任總統就職後 10 日內可聽取總統國情報告（專章§2）

立委聽完後可提出建議（專章§2）

國情報告前三日要提供書面報告給委員（專章§3）"
總統國情報告,第四屆,"國民黨黨團
23委3275","配合憲法增修條文訂定（§28-1）

經院會決議，每年集會時可聽取總統國情報告（§28-1）







國家遇戒嚴或緊急命令時，立法院得聽取總統國情報告（§28-1）"
總統國情報告,第五屆,"黃德福
23委4269","配合憲法增修條文訂定（§15-1）

經院會決議，每年集會時可聽取總統國情報告（§15-2）

立委聽完後可提出口頭或書面建議（§15-3）"
總統國情報告,第五屆,"台聯黨團
23委5697","配合憲法增修條文訂定（§15-1）

經院會決議，每年集會時可聽取總統國情報告（§15-2）"
總統國情報告,第六屆,"王幸男等40人
23委5805","配合憲法增修條文訂定（§40-1）

每年集會時經 40 位委員以上連署，經院會決議，可聽取總統國情報告（§40-1）

總統報告完，得推派代表向總統提問，總統綜合作補充報告。提問人數時間形式由黨團協商決定（§14-3）"
總統國情報告,第七屆,"呂學樟等24人
23委7953","經 1/4 提議，程序委員會可排定議程，就治國理念、重大政策，聽取總統國情報告（§15-2）




國情報告結束後，立委可以提問，提問人數時間形式由黨團協商決定（§15-3）"
總統國情報告,第八屆,"邱議瑩等20人
23委13515
（退回程序委員會）",國情報告依照黨團協商結論排定議程（§15-2）
總統國情報告,第八屆,"親民黨黨團
23委13826",院會須在 15 日內作出決議，逾期者視為通過（§15-2）
總統國情報告,第九屆,"賴瑞隆等17人
23委18254",總統國情報告每年都要進行（§15-2）
總統國情報告,第十屆,"賴瑞隆等23人
23委24078
（同上屆版本）",總統國情報告每年都要進行（§15-2）
總統國情報告,第十屆,"呂玉玲等18人
23委27523","總統國情報告應於每年二月一日以前將報告提供給委員，並於二月底向立法院進行國情報告（§15-1）

新任總統應於就職兩週內將報告提供給委員，並於一個月內進行國情報告（§15-1）"
總統國情報告,第十一屆,國民黨民眾黨共提再修正動議,"國情報告主題新增重要政策議題（§15-2）




總統國情報告完畢可即問即答（§15-4）"
總統國情報告,第十一屆,"台灣民眾黨黨團
20委11000417","國情報告內容，只要跟總統職權相關國家大政就要報告（不侷限於國家安全）（§15-2）




總統國情報告完畢可即問即答（§15-4）"
總統國情報告,第十一屆,"傅崐萁等52人
20委11001058","總統國情報告每年都要進行（§15-1）；總統就職後兩週內要送國情報告書、一個月內赴立法院國情報告（§15-1）

國情報告主題新增重要政策議題（§15-2）




總統國情報告完畢可即問即答（§15-4）"
總統國情報告,第十一屆,"吳宗憲等16人
20委11001688
（與傅崐萁版相同）","總統國情報告每年都要進行（§15-1）；總統就職後兩週內要送國情報告書、一個月內赴立法院國情報告（§15-1）

國情報告主題新增重要政策議題（§15-2）




總統國情報告完畢可即問即答（§15-4）"
總統國情報告,第十一屆,"翁曉玲等16人
20委11001055","總統國情報告每年都要進行（§15-1）







總統國情報告完畢可即問即答（§15-4）"
總統國情報告,第十一屆,"呂玉玲等17人
20委11002713",總統國情報告每年都要進行（§15-1）；總統就職後兩週內要送國情報告書、一個月內赴立法院國情報告（§15-1）
總統國情報告,第十一屆,"鄭天財Sra Kacaw等19人
20委11002746","國情報告內容不侷限在國家安全大政方針（§15-2）




總統國情報告完畢可即問即答（§15-4）"
官員備詢義務,第四屆,"謝言信
23委3194",被質詢答復不得超過質詢範圍之外，質詢人若故意說謊，以藐視國會譴責，刊登於本院公報，移請行政院懲處（§25）
官員備詢義務,第四屆,"黃義交
23委3341",被質詢人拒絕答覆時，30 人以上連署表決通過，可提出譴責，或將之列為不受本院歡迎之人物（§75-1）
官員備詢義務,第五屆,"黃義交
23委4008",被質詢人無故不出席、拒絕答覆、陳述不實時，處一年以下有期徒刑、拘役或 10 萬元以下罰金（§75）
官員備詢義務,第五屆,"沈智慧
23委4154","被質詢人不出席、不答覆、故意隱瞞、提供不實資料、或詢答時污辱立委，得予以譴責、列為不適任政府官員，刊登公報，請主管機關議處（§75）

1/2 委員以上連署可提出譴責或不適任案、1/2 以上同意通過（§75）

2/3 以上同意通過決議移送司法機關，處一年以下有期徒刑、拘役或 10 萬元以上、200 萬元以下罰金（§75）"
官員備詢義務,第五屆,"沈智慧
23委4173",被質詢人無故不出席、拒絕答覆、陳述不實時，處一年以下有期徒刑、拘役或 10 萬元以下罰金（§75）
官員備詢義務,第五屆,"呂學樟
23委4169","被質詢人不克出席須請假，但委員會可作成決議要求親自出席不得拒絕。若不配合，過半數決議通過可列為藐視立法院人員。（§26-1）

對於藐視立法院人員，委員過半數決議可予以譴責，並移請監察院彈劾（§26-1）"
官員備詢義務,第五屆,"黃德福
23委4196",被質詢人無故缺席、明顯實問虛答、避重就輕者，經院會或委員會決議，是為藐視立法院，準用刑法 140 條第二項會公署之公然侮辱。決議後移請法院宣告裁判（§59-1）
官員備詢義務,第五屆,"親民黨黨團
23委5637","政府官員拒絕答復、不實陳述、無正當理由不出席時，可經院會 1/2 立委同意通過，判藐視國會罪（§75、§77）

藐視國會罪處 1 年以下有期徒刑（§76）"
官員備詢義務,第六屆,"呂學樟等40人
23委6448","被質詢人不克出席須請假，但委員會可作成決議要求親自出席不得拒絕。若不配合，過半數決議通過可列為藐視立法院人員。（§26-1）

對於藐視立法院人員，委員過半數決議可予以譴責，並移請監察院彈劾（§26-1）"
官員備詢義務,第七屆,"呂學樟等19人
23委8208",被質詢官員無正當理由、無請假未出席者，經半數委員通過，列為藐視立法院人員。被列為藐視立法院人員者，半數決議得予以譴責，並移請監察院彈劾（§26-1）
官員備詢義務,第七屆,"張顯耀等
23委8131","被質詢人濫用前項拒答原因、或不實陳述者，移請監察院彈劾、糾舉（§25）

無故不出席者，移請監察院彈劾、糾舉（§26）"
官員備詢義務,第七屆,"黃義交
23委8096","無故缺席者，可處 3 萬元以下罰鍰，可連續罰（§26）

情節重大達藐視立法院程度者，移送監察院彈劾或移送司法機關（§26）"
官員備詢義務,第八屆,"林佳龍等29人 
23委13813","質詢答復不得超過質詢範圍之外，不得隱匿或說謊，委員會列席人員同樣適用（§25）




違反者送監察院處置、10 萬元以下罰鍰（§75-1）

提供不實資料一年以下有期徒刑（§75-2）"
官員備詢義務,第九屆,"時代力量黨團
23委18328
（與上一屆林佳龍版本相同）","質詢答復不得超過質詢範圍之外，不得隱匿或說謊，委員會列席人員同樣適用（§25）




違反者送監察院處置、10 萬元以下罰鍰（§75-1）

提供不實資料一年以下有期徒刑（§75-2）"
官員備詢義務,第十屆,"時代力量黨團
23委24198
（與上屆版本同）","質詢答復不得超過質詢範圍之外，不得隱匿或說謊，委員會列席人員同樣適用（§25）




違反者送監察院處置、10 萬元以下罰鍰（§75-1）

提供不實資料一年以下有期徒刑（§75-2）"
官員備詢義務,第十屆,"葉毓蘭等21人
23委25876","增設可以拒絕答覆的例外：妨礙司法案件調查、憲法或法律獨立行使職權不受干涉事項、依法保護的個人隱私、職業或營業秘密（§25）

不配合、或提供不實資訊的官員告誡後再次違反的話，處 5 千元以上、30 萬元以下罰鍰（§27-1）

可提行政訴訟程序救濟（§27-1）"
官員備詢義務,第十屆,"李貴敏等25人
23委25236",被質詢的官員未及時答復、又逾期補正時，可經 1/3 委員同意解職下台（§29）
官員備詢義務,第十屆,"陳以信等18人
23委25871",官員無法出席質詢須經委員同意，未經同意不出席、未據實陳述、有其他藐視國會行為，將被列為「不受歡迎人物」，不得進入院會或委員會（§26）
官員備詢義務,第十屆,"呂玉玲等17人
23委27524","官員答詢時說謊或提供不實資料，處一年以上、五年以下有期徒刑（§28-3）

官員未經主席准假而缺席，為藐視國會，處三年以下有期徒刑（§28-4）"
官員備詢義務,第十屆,"江啟臣等18人
23委27242
（反質詢第一次出現）",質詢答復不得超過質詢範圍之外，不能說謊，不得反質詢，違反時主席可以立即制止，並要求據實答覆（§25）
官員備詢義務,第十一屆,國民黨民眾黨共提再修正動議,"質詢答復不得超過質詢範圍之外，不得隱匿或說謊或有其他藐視國會行為，不得反質詢，違反時主席可以即時制止並要求答覆（§25）

國防外交等依法秘密事項不答復須經主席同意（§25）

違反者處 2 萬元以上、20 萬元以下罰鍰，得連續處罰（§25）

說謊追訴其刑事責任（§25）"
官員備詢義務,第十一屆,"鄭天財Sra Kacaw等19人
20委11002746",質詢答復不得超過質詢範圍之外，拒絕答復時，除了主席，質詢委員也可以制止（§25）
官員備詢義務,第十一屆,"羅智強等22人
20委11002912",質詢答復不得超過質詢範圍之外，不得反質詢，違反時主席可以立即制止，制止無效可以令其離開會場（§25）
官員備詢義務,第十一屆,"台灣民眾黨黨團
20委11000417
（第一次提出秘密事項須經主席同意）","質詢答復不得超過質詢範圍之外，不得隱匿或說謊，違反時主席可以即時制止（§25）

國防外交等依法秘密事項不答復須經主席同意（§25）"
官員備詢義務,第十一屆,"楊瓊瓔等20人
20委11000653
（與第十屆時代力量版本同）","質詢答復不得超過質詢範圍之外，不得隱匿或說謊，委員會列席人員同樣適用（§25）




違反者送監察院處置、10 萬元以下罰鍰（§75-1）

提供不實資料一年以下有期徒刑（§75-2）"
官員備詢義務,第十一屆,"吳宗憲等18人
20委11001700
（結合第十屆陳以信、江啟臣版本，更進一步可以停審預算案）","質詢答復不得超過質詢範圍之外，不得隱匿或說謊，不得反質詢，違反時主席可以即時制止並要求答復（§25）




違反者處 1 萬元以上、30 萬以下罰鍰，得連續處罰；準用公務員懲戒法（§25）

官員無法出席質詢須經委員同意，未經同意不出席、未據實陳述、有其他藐視國會行為，將被列為「不受歡迎人物」，不得進入院會或委員會（§26）；也可以停止審議該機關所有議案（包括預算）（§26）

[處罰救濟] 不服可抗告（§25）"
官員備詢義務,第十一屆,"賴士葆等20人
20委11001731","備詢者無故缺席、阻撓議事進行、不回答者就是藐視國會，限期未能改善或配合，可限制參與立法院未來相關程序，有必要準用刑法移送司法機關處理（§74-1、§74-2、§74-3）

被判藐視國會者可提起行政訴訟（§74-4）"
官員備詢義務,第十一屆,"呂玉玲等17人
20委11002714
（跟上屆版本相同，只是三年改一年）","官員答詢時說謊或提供不實資料，處一年以上、五年以下有期徒刑（§28-3）

官員未經主席准假而缺席，為藐視國會，處一年以下有期徒刑（§28-4）"